{
    "model": "mlp",
    "input_file": "cde_day_2021_2022_240924_activity.xls",
    "input_cols": [
        "Temperature",
        "Humidity",
        "Insolation",
        "week",
        "TempDiff"
    ],
    "output_folder": "./output",
    "dataset_ratio": 0.5,
    "hidden_size": [
        24,
        32,
        64,
        32,
        24,
        18
    ],
    "dropout_ratio": 0.0,
    "learning_rate": 0.001,
    "batch_size": 64,
    "epochs": 5000,
    "log_dir": "./logs/fit/20250601-2220",
    "model_fname": "./models/model_20250601-2220.pth",
    "energy_usage_minmax_scale_min": [
        0.3210992749082445,
        -0.45200486026731473,
        -0.038639639363365945,
        -0.16666666666666666,
        0.6648464774863485,
        -0.09214390602053624
    ],
    "energy_usage_minmax_scale": [
        0.0214842001611315,
        0.014580801944106927,
        0.5059952773774111,
        0.16666666666666666,
        0.0214842001611315,
        0.000734214390602048
    ],
    "energy_usage_minmax_data_min": [
        -14.945833333333333,
        31.0,
        0.07636363636363637,
        1.0,
        -30.945833333333333,
        125.49999999997169
    ],
    "energy_usage_minmax_data_max": [
        31.60000000000001,
        99.58333333333333,
        2.0526666666666666,
        7.0,
        15.600000000000009,
        1487.4999999999864
    ]
}